{
  "premier_league": {
    "season": 2026,
    "expires_at": 1782487612.7636118,
    "resolved_at": 1782466012.7637887,
    "source": "provider_probe"
  },
  "conference_league": {
    "season": 2026,
    "expires_at": 1782487613.748377,
    "resolved_at": 1782466013.7556183,
    "source": "provider_probe"
  },
  "bundesliga": {
    "season": 2026,
    "expires_at": 1782487619.772502,
    "resolved_at": 1782466019.778343,
    "source": "provider_probe"
  },
  "champions_league": {
    "season": 2026,
    "expires_at": 1782487614.7436864,
    "resolved_at": 1782466014.748444,
    "source": "provider_probe"
  },
  "europa_league": {
    "season": 2026,
    "expires_at": 1782487616.7530417,
    "resolved_at": 1782466016.7578971,
    "source": "provider_probe"
  },
  "la_liga": {
    "season": 2026,
    "expires_at": 1782487618.74888,
    "resolved_at": 1782466018.754801,
    "source": "provider_probe"
  },
  "ligue_1": {
    "season": 2026,
    "expires_at": 1782487617.739972,
    "resolved_at": 1782466017.7455332,
    "source": "provider_probe"
  },
  "serie_a": {
    "season": 2026,
    "expires_at": 1782487615.7474132,
    "resolved_at": 1782466015.753295,
    "source": "provider_probe"
  }
}