{
  "baseline_accuracy": 0.5175,
  "family_deltas": {
    "lineups": -0.007000000000000006,
    "goalscorer": 0.028000000000000025,
    "fts_odds": 0.0,
    "full_blend": 0.007000000000000006
  },
  "ranked": [
    [
      "goalscorer",
      0.028000000000000025
    ],
    [
      "full_blend",
      0.007000000000000006
    ],
    [
      "fts_odds",
      0.0
    ],
    [
      "lineups",
      -0.007000000000000006
    ]
  ]
}